{"cameraMode":{"drawMode":0,"name":"Shaded","section":"Shading Mode"},"sceneLighting":true,"audioPlay":false,"sceneViewState":{"showFog":true,"showMaterialUpdate":false,"showSkybox":true,"showFlares":true,"showImageEffects":true,"showParticleSystems":true,"showVisualEffectGraphs":true,"m_FxEnabled":true},"in2DMode":false,"pivot":{"x":80.2240982055664,"y":48.815948486328128,"z":-59.52421569824219},"rotation":{"x":0.00006872753147035837,"y":-1.0001541376113892,"z":-0.00448601646348834,"w":-0.010885446332395077},"size":9.734183311462403,"orthographic":false}