{"cameraMode":{"drawMode":0,"name":"Shaded","section":"Shading Mode"},"sceneLighting":true,"audioPlay":false,"sceneViewState":{"showFog":true,"showMaterialUpdate":false,"showSkybox":true,"showFlares":true,"showImageEffects":true,"showParticleSystems":true,"showVisualEffectGraphs":true,"m_FxEnabled":true},"in2DMode":false,"pivot":{"x":-1765.1226806640625,"y":-97.21086120605469,"z":1655.5433349609375},"rotation":{"x":0.028338924050331117,"y":-0.3927169442176819,"z":0.012113742530345917,"w":0.9191508293151856},"size":1233.433349609375,"orthographic":false}